{
  "multirc": {
    "mean": 0.34185707442854346,
    "std": 0.0,
    "values": [
      0.34185707442854346
    ],
    "em": {
      "mean": 0.05549450549450549,
      "std": 0.0,
      "values": [
        0.05549450549450549
      ]
    },
    "f1": {
      "mean": 0.6282196433625814,
      "std": 0.0,
      "values": [
        0.6282196433625814
      ]
    }
  },
  "cb": {
    "mean": 0.6221892712894138,
    "std": 0.0,
    "values": [
      0.6221892712894138
    ],
    "acc": {
      "mean": 0.7321428571428571,
      "std": 0.0,
      "values": [
        0.7321428571428571
      ]
    },
    "avg_f1": {
      "mean": 0.5122356854359705,
      "std": 0.0,
      "values": [
        0.5122356854359705
      ]
    },
    "f11": {
      "mean": 0.782608695652174,
      "std": 0.0,
      "values": [
        0.782608695652174
      ]
    },
    "f12": {
      "mean": 0.7540983606557378,
      "std": 0.0,
      "values": [
        0.7540983606557378
      ]
    },
    "f13": {
      "mean": 0.0,
      "std": 0.0,
      "values": [
        0.0
      ]
    }
  },
  "copa": {
    "mean": 0.68,
    "std": 0.0,
    "values": [
      0.68
    ],
    "acc": {
      "mean": 0.68,
      "std": 0.0,
      "values": [
        0.68
      ]
    }
  },
  "wsc": {
    "mean": 0.5576923076923077,
    "std": 0.0,
    "values": [
      0.5576923076923077
    ],
    "acc": {
      "mean": 0.5576923076923077,
      "std": 0.0,
      "values": [
        0.5576923076923077
      ]
    }
  },
  "boolq": {
    "mean": 0.7232415902140673,
    "std": 0.0,
    "values": [
      0.7232415902140673
    ],
    "acc": {
      "mean": 0.7232415902140673,
      "std": 0.0,
      "values": [
        0.7232415902140673
      ]
    }
  }
}