{
  "wic": {
    "mean": 0.6262857142857142,
    "std": 0.014094433696480654,
    "values": [
      0.6221428571428571,
      0.6385714285714286,
      0.6042857142857143,
      0.6221428571428571,
      0.6442857142857142
    ],
    "acc": {
      "mean": 0.6262857142857142,
      "std": 0.014094433696480654,
      "values": [
        0.6221428571428571,
        0.6385714285714286,
        0.6042857142857143,
        0.6221428571428571,
        0.6442857142857142
      ]
    }
  }
}