{
  "wic": {
    "mean": 0.5618571428571428,
    "std": 0.013714285714285727,
    "values": [
      0.5378571428571428,
      0.5528571428571428,
      0.5692857142857143,
      0.5678571428571428,
      0.5621428571428572,
      0.5507142857142857,
      0.5692857142857143,
      0.5771428571428572,
      0.5471428571428572,
      0.5842857142857143
    ],
    "acc": {
      "mean": 0.5618571428571428,
      "std": 0.013714285714285727,
      "values": [
        0.5378571428571428,
        0.5528571428571428,
        0.5692857142857143,
        0.5678571428571428,
        0.5621428571428572,
        0.5507142857142857,
        0.5692857142857143,
        0.5771428571428572,
        0.5471428571428572,
        0.5842857142857143
      ]
    }
  }
}