{
  "wic": {
    "mean": 0.5674285714285714,
    "std": 0.022108729460720872,
    "values": [
      0.5692857142857143,
      0.5442857142857143,
      0.5592857142857143,
      0.5778571428571428,
      0.5671428571428572,
      0.5421428571428571,
      0.625,
      0.5614285714285714,
      0.555,
      0.5728571428571428
    ],
    "acc": {
      "mean": 0.5674285714285714,
      "std": 0.022108729460720872,
      "values": [
        0.5692857142857143,
        0.5442857142857143,
        0.5592857142857143,
        0.5778571428571428,
        0.5671428571428572,
        0.5421428571428571,
        0.625,
        0.5614285714285714,
        0.555,
        0.5728571428571428
      ]
    }
  },
  "copa": {
    "mean": 0.511,
    "std": 0.03360059523282289,
    "values": [
      0.53,
      0.57,
      0.48,
      0.53,
      0.48,
      0.48,
      0.52,
      0.46,
      0.55,
      0.51
    ],
    "acc": {
      "mean": 0.511,
      "std": 0.03360059523282289,
      "values": [
        0.53,
        0.57,
        0.48,
        0.53,
        0.48,
        0.48,
        0.52,
        0.46,
        0.55,
        0.51
      ]
    }
  }
}