{
  "wic": {
    "mean": 0.5649285714285714,
    "std": 0.012890630991031384,
    "values": [
      0.5442857142857143,
      0.5521428571428572,
      0.5721428571428572,
      0.5742857142857143,
      0.575,
      0.5514285714285714,
      0.5714285714285714,
      0.5764285714285714,
      0.5507142857142857,
      0.5814285714285714
    ],
    "acc": {
      "mean": 0.5649285714285714,
      "std": 0.012890630991031384,
      "values": [
        0.5442857142857143,
        0.5521428571428572,
        0.5721428571428572,
        0.5742857142857143,
        0.575,
        0.5514285714285714,
        0.5714285714285714,
        0.5764285714285714,
        0.5507142857142857,
        0.5814285714285714
      ]
    }
  }
}