{
  "wic": {
    "mean": 0.5567857142857142,
    "std": 0.012500000000000011,
    "values": [
      0.5692857142857143,
      0.5442857142857143
    ],
    "acc": {
      "mean": 0.5567857142857142,
      "std": 0.012500000000000011,
      "values": [
        0.5692857142857143,
        0.5442857142857143
      ]
    }
  }
}